year,category,cpi_category,item_name,size,price,essential_status,yoy_inflation_pct,cumulative_inflation_pct
2025,FEMALE ONLY,Personal care,Foundation-Asst Shades,1 oz,14.5,non-essential,0.0,1971.428571428572
2025,HYGIENE,Personal care,Afta After Shave,3 oz,4.5,essential,34.32835820895522,650.0
2025,FEMALE ONLY,Personal care,Eyeliner/Brow Pencil-.05 oz,,5.25,non-essential,0.0,650.0
2025,ELECTRICAL,Recreation,ClearTech Lift Off,,1.35,non-essential,0.0,285.7142857142857
2025,CORRESPONDENCE,Recreation,Typing Paper,50 sheets,3.5,essential,52.17391304347827,268.42105263157896
2025,CORRESPONDENCE,Recreation,Eraser-Pencil/Ink,,1.25,essential,0.0,257.1428571428572
2025,ELECTRICAL,Recreation,Olympia/Clear Tech Ribbon,,5.95,non-essential,22.68041237113404,240.0
2025,ELECTRICAL,Recreation,Earbud-Stereo,,3.25,non-essential,0.0,225.0
2025,CLOTHING,Apparel,T-Shirts,,21.375,essential,175.80645161290323,205.35714285714283
2025,ART SUPPLIES,Recreation,Watercolor Paints,16 colors,3.85,non-essential,0.0,185.1851851851852
2025,ART SUPPLIES,Recreation,Colored Pencils,12 pk,4.5,non-essential,157.14285714285714,181.25
2025,"OTC MEDICATIONS, VITAMINS, ETC",Medicinal drugs,Ibutab-Ibuprofen,24 tabs,3.5,essential,125.80645161290325,180.0
2025,ART SUPPLIES,Recreation,Drawing Pad,9x12,3.4,non-essential,47.82608695652175,172.0
2025,FEMALE ONLY,Personal care,"Storage Box-14""x8""x8""",,40.0,non-essential,0.0,150.0
2025,CLOTHING,Apparel,Boxer Shorts,,8.2,essential,-5.74712643678161,148.4848484848485
2025,CORRESPONDENCE,Recreation,Manilla Envelope-Writ,2 pk,1.25,essential,0.0,140.3846153846154
2025,INSTANT DRINK MIX,Food at home,EK Columbian Coffee,4.5 oz,4.75,essential,14.457831325301196,137.5
2025,HYGIENE,Personal care,Petroleum Jelly,4 oz,1.75,essential,0.0,133.33333333333331
2025,HYGIENE,Personal care,Antifungal Foot Powder,3.5 oz,3.25,essential,0.0,132.14285714285717
2025,FEMALE ONLY,Personal care,Ogilvie Hair Perm,,23.0,non-essential,0.0,130.0
2025,ELECTRICAL,Recreation,Dipole Antenna-FM T-Style,,4.25,non-essential,0.0,112.5
2025,INSTANT DRINK MIX,Food at home,Hot Chocolate,10 oz,1.95,essential,0.0,105.26315789473684
2025,HYGIENE,Personal care,Dial Soap,1.25 oz,0.4,essential,0.0,100.0
2025,"OTC MEDICATIONS, VITAMINS, ETC",Medicinal drugs,Vitamin-Omega,120 tabs,7.5,essential,0.0,94.8051948051948
2025,CLOTHING,Apparel,Gym Shorts,,10.5,essential,0.0,90.9090909090909
2025,HYGIENE,Personal care,Antibacterial Lotion,4 oz,1.6,essential,0.0,88.23529411764707
2025,CORRESPONDENCE,Recreation,Greeting Cards-Assorted,,0.75,non-essential,0.0,87.49999999999999
2025,HYGIENE,Personal care,Razor Disposable,10 pk,1.2,essential,-31.428571428571438,84.6153846153846
2025,CANDY,Food at home,Tootsie Pops,8 pk,1.65,non-essential,9.999999999999991,83.33333333333331
2025,ELECTRICAL,Recreation,Headphones,,10.0,non-essential,42.85714285714285,81.81818181818183
2025,HYGIENE,Personal care,Dandruff Shampoo,12 oz,2.25,essential,0.0,80.0
2025,"OTC MEDICATIONS, VITAMINS, ETC",Medicinal drugs,Aspirin,24 tabs,1.8,essential,0.0,80.0
2025,HYGIENE,Personal care,Toilet Tissue (roll),,0.9,essential,5.882352941176476,80.0
2025,"OTC MEDICATIONS, VITAMINS, ETC",Medicinal drugs,Calamine Lotion,6 oz,2.75,essential,22.22222222222222,77.41935483870968
2025,"OTC MEDICATIONS, VITAMINS, ETC",Medicinal drugs,Alcalak Antacid,24 tabs,1.95,essential,2.631578947368424,77.27272727272727
2025,"OTC MEDICATIONS, VITAMINS, ETC",Medicinal drugs,Simethicone Anti/Gas,36 tabs,2.3,essential,0.0,76.9230769230769
2025,CANDY,Food at home,Twix Candy Bar,1.79 oz,1.5,non-essential,20.0,76.47058823529413
2025,"OTC MEDICATIONS, VITAMINS, ETC",Medicinal drugs,Milk of Magnesia,4 oz,4.25,essential,0.0,73.46938775510203
2025,FEMALE ONLY,Personal care,Lipstick-Asst Colors,,8.125,non-essential,-4.411764705882353,71.05263157894737
2025,HYGIENE,Personal care,Hair Brush-No Handle,,1.1,essential,0.0,69.23076923076924
2025,ICE CREAM,Food at home,Blue Bell Pints- Asst Flavors,,3.8,non-essential,11.764705882352938,68.88888888888887
2025,FEMALE ONLY,Personal care,Briefs/Panties,3 pk,12.0,essential,60.0,68.42105263157895
2025,CORRESPONDENCE,Recreation,Envelope-#10 Business,,0.05,essential,0.0,66.66666666666669
2025,HYGIENE,Personal care,Medi/Cleanse Cream,8 oz,2.0,essential,0.0,66.66666666666667
2025,CORRESPONDENCE,Recreation,Pencil Sharpener,,0.75,essential,15.38461538461538,66.66666666666666
2025,ART SUPPLIES,Recreation,Protractor Ruler,,0.75,non-essential,-25.0,66.66666666666666
2025,"OTC MEDICATIONS, VITAMINS, ETC",Medicinal drugs,Acne Benzoyl 10%,1.5 oz,4.35,essential,0.0,64.15094339622641
2025,CORRESPONDENCE,Recreation,Stamps-Assorted,,5.505,essential,11.6632860040568,64.08345752608048
2025,"OTC MEDICATIONS, VITAMINS, ETC",Medicinal drugs,Milk Thistle,60 tabs,5.5,essential,0.0,61.76470588235294
2025,HYGIENE,Personal care,Sensodyne Toothpaste,4 oz,10.5,essential,0.0,61.53846153846154
2025,INSTANT DRINK MIX,Food at home,EK Plantation Coffee,4.5 oz,1.45,essential,0.0,61.11111111111111
2025,"OTC MEDICATIONS, VITAMINS, ETC",Medicinal drugs,Laxative-Bisacodyl,25 tabs,1.85,essential,0.0,60.86956521739132
2025,ELECTRICAL,Recreation,Typewriter-Swintec,,360.0,non-essential,0.0,60.0
2025,"OTC MEDICATIONS, VITAMINS, ETC",Medicinal drugs,Artificial Tears Eye Drops-.5 oz,,2.8,essential,55.55555555555555,59.99999999999999
2025,CORRESPONDENCE,Recreation,Jumbo Envelope,18x23,1.5,essential,0.0,57.89473684210527
2025,ELECTRICAL,Recreation,Alarm Clock,,7.5,non-essential,0.0,57.89473684210527
2025,HYGIENE,Personal care,Magic Shave Cream,6 oz,7.0,essential,0.0,57.30337078651685
2025,CONDIMENTS,Food at home,Sandwich Spread,15 oz,2.2,essential,0.0,57.14285714285716
2025,GAMES,Recreation,Chess Set,,9.0,non-essential,12.5,56.52173913043478
2025,KOSHER ITEMS,Food at home,Cheese Ravioli,12 oz,6.0,essential,0.0,55.84415584415584
2025,INSTANT FOODS,Food at home,Refried Beans-Instant,15 oz,2.3,essential,0.0,53.33333333333332
2025,KOSHER ITEMS,Food at home,Stuffed Chicken,12 oz,9.5,essential,0.0,52.0
2025,CONDIMENTS,Food at home,Salsa-Medium,15 oz,4.5,essential,0.0,50.0
2025,CANDY,Food at home,Rainbow Fruit Stick,1 oz,0.15,non-essential,0.0,49.99999999999999
2025,CANDY,Food at home,EK Peppermint Stick,1 oz,0.15,non-essential,0.0,49.99999999999999
2025,ELECTRICAL,Recreation,Coax Cable,,2.0,non-essential,0.0,48.14814814814814
2025,ART SUPPLIES,Recreation,Adult Coloring Book (50 pg),,6.5,non-essential,36.84210526315789,44.44444444444444
2025,HYGIENE,Personal care,Ad Seg Colgate,1 oz,1.0,essential,0.0,42.85714285714287
2025,"OTC MEDICATIONS, VITAMINS, ETC",Medicinal drugs,Diamode-Anti Diarrheal,6 pks,1.35,essential,3.84615384615385,42.105263157894754
2025,SNACKS,Food at home,Spicy Pork Skins,2.75 oz,1.2,non-essential,0.0,41.17647058823529
2025,"OTC MEDICATIONS, VITAMINS, ETC",Medicinal drugs,Tolnaftate Antifungal Cream-.5 oz,,1.2,essential,0.0,41.17647058823529
2025,FEMALE ONLY,Personal care,Hair Dryer-1600 Watts,,31.0,non-essential,0.0,40.909090909090914
2025,INSTANT FOODS,Food at home,Pasta - Instant,9 oz,2.6,essential,0.0,40.54054054054054
2025,FEMALE ONLY,Personal care,Ponytail Holders,10 pk,1.4,non-essential,16.666666666666664,39.99999999999999
2025,KOSHER ITEMS,Food at home,Matzo Crackers,10 oz,4.5,essential,55.172413793103445,38.46153846153847
2025,SHOES,Apparel,Shower Shoes,,8.625,essential,-4.166666666666666,38.0
2025,"OTC MEDICATIONS, VITAMINS, ETC",Medicinal drugs,Pepto Bismuth,30 tabs,2.75,essential,10.0,37.5
2025,"OTC MEDICATIONS, VITAMINS, ETC",Medicinal drugs,Aspirin Free-APAP,24 tabs,1.65,essential,0.0,37.5
2025,CONDIMENTS,Food at home,Salt/Pepper Shaker,4.5 oz,1.85,essential,0.0,37.03703703703704
2025,"OTC MEDICATIONS, VITAMINS, ETC",Medicinal drugs,Vitamin-E 200 IU,100 tabs,4.5,essential,60.71428571428572,34.32835820895522
2025,"OTC MEDICATIONS, VITAMINS, ETC",Medicinal drugs,Nasacort Nasal Spray,,20.0,essential,0.0,33.33333333333333
2025,"OTC MEDICATIONS, VITAMINS, ETC",Medicinal drugs,Fiber Lax,90 tabs,7.0,essential,0.0,33.33333333333333
2025,"OTC MEDICATIONS, VITAMINS, ETC",Medicinal drugs,Vitamin-Multi No Iron,100 tabs,3.0,essential,15.38461538461538,30.43478260869566
2025,ART SUPPLIES,Recreation,Watercolor Pad,9x12,6.75,non-essential,22.727272727272727,28.57142857142857
2025,CONDIMENTS,Food at home,Non-Dairy Creamer,12 oz,1.85,essential,0.0,27.586206896551737
2025,INSTANT FOODS,Food at home,Cereal-Assorted Flavors,20 oz,4.05,essential,-14.736842105263165,26.56249999999999
2025,"OTC MEDICATIONS, VITAMINS, ETC",Medicinal drugs,Vitamin-Amino Acid,100 tabs,5.95,essential,6.25000000000001,25.26315789473685
2025,"OTC MEDICATIONS, VITAMINS, ETC",Medicinal drugs,Loratadine Allergy,30 tabs,2.5,essential,0.0,25.0
2025,"OTC MEDICATIONS, VITAMINS, ETC",Medicinal drugs,Hydrocortisone Cream,1 oz,1.85,essential,0.0,23.33333333333334
2025,FEMALE ONLY,Personal care,Maxi Pads,22 ct,3.0,essential,0.0,22.448979591836725
2025,JEWELRY / RELIGIOUS,Other goods,Medallions,,14.125,non-essential,0.0,21.50537634408602
2025,ELECTRICAL,Recreation,Multi Outlet (2 plug),,9.0,non-essential,0.0,20.0
2025,HYGIENE,Personal care,Pocket Comb,,0.3,essential,0.0,20.0
2025,MALE ONLY,Personal care,Mennen Antiperspirant,3 oz,3.0,essential,22.448979591836725,20.0
2025,"OTC MEDICATIONS, VITAMINS, ETC",Medicinal drugs,Earwax Drops,15 ml,2.25,essential,0.0,18.421052631578952
2025,ELECTRICAL,Recreation,Clip On Lamp-Plastic,,13.0,non-essential,8.333333333333332,18.181818181818183
2025,"OTC MEDICATIONS, VITAMINS, ETC",Medicinal drugs,Terbinafine Antifungal Crm-.5 oz,,8.25,essential,0.0,17.857142857142858
2025,"OTC MEDICATIONS, VITAMINS, ETC",Medicinal drugs,Chlorphen Tabs,24 tabs,1.0,essential,0.0,17.647058823529417
2025,"OTC MEDICATIONS, VITAMINS, ETC",Medicinal drugs,Fixodent Denture,,5.0,essential,0.0,17.647058823529413
2025,PACKAGED MEAT,Food at home,EKH Tuna In Water,4.23 oz,1.7,essential,0.0,17.24137931034483
2025,"OTC MEDICATIONS, VITAMINS, ETC",Medicinal drugs,Vitamin-Calcium,100 tabs,2.75,essential,0.0,17.021276595744677
2025,ART SUPPLIES,Recreation,Illustration Boards,2 pk,5.0,non-essential,0.0,16.279069767441865
2025,ELECTRICAL,Recreation,Adaptor-75/300 ohm,,1.5,non-essential,0.0,15.38461538461538
2025,ELECTRICAL,Recreation,"Fan 9"" Electric",,23.0,non-essential,0.0,15.0
2025,"OTC MEDICATIONS, VITAMINS, ETC",Medicinal drugs,Clotrimazole Antifungal Cream,,1.25,essential,0.0,13.636363636363628
2025,JEWELRY / RELIGIOUS,Other goods,Prayer Oil,4 oz,21.0,non-essential,0.0,12.0
2025,CORRESPONDENCE,Recreation,Folder Storage,10x15,1.4,non-essential,0.0,11.999999999999991
2025,ELECTRICAL,Recreation,Swintec Ribbon-Black,,7.25,non-essential,0.0,11.538461538461538
2025,FEMALE ONLY,Personal care,Mascara-Avon/Black-.21 oz,,10.0,non-essential,0.0,11.11111111111111
2025,HYGIENE,Personal care,Shampoo,15 oz,1.375,essential,3.773584905660381,10.0
2025,CLOTHING,Apparel,Socks,,1.65,essential,9.999999999999991,9.999999999999991
2025,HYGIENE,Personal care,Colgate Toothpaste,6 oz,3.0,essential,15.38461538461538,9.090909090909092
2025,SODAS,Food at home,EK Dr Pepper,12 oz,0.6,non-essential,9.09090909090908,9.09090909090908
2025,SODAS,Food at home,Fanta Pineapple,12 oz,0.6,non-essential,9.09090909090908,9.09090909090908
2025,SODAS,Food at home,Fanta Orange,12 oz,0.6,non-essential,9.09090909090908,9.09090909090908
2025,SODAS,Food at home,Mountain Dew,12 oz,0.6,non-essential,9.09090909090908,9.09090909090908
2025,SODAS,Food at home,Big Red,12 oz,0.6,non-essential,9.09090909090908,9.09090909090908
2025,ELECTRICAL,Recreation,Hot Pot w/Insert,,24.5,non-essential,0.0,8.88888888888889
2025,HYGIENE,Personal care,Conditioner,15 oz,1.35,essential,0.0,8.000000000000007
2025,CORRESPONDENCE,Recreation,Dictionary (English),,7.5,non-essential,15.384615384615383,7.142857142857142
2025,"OTC MEDICATIONS, VITAMINS, ETC",Medicinal drugs,Triple Antibiotic Ointment,1 oz,2.1,essential,0.0,5.000000000000004
2025,CANDY,Food at home,Fruit Filled Hard Candy,22 oz,2.5,non-essential,0.0,4.166666666666671
2025,"OTC MEDICATIONS, VITAMINS, ETC",Medicinal drugs,Vitamin-C500 Complex,100 tabs,2.75,essential,1.8518518518518448,3.773584905660381
2025,CONDIMENTS,Food at home,Stevia Sweetener,,1.4,essential,0.0,3.7037037037036895
2025,CANDY,Food at home,Cinnamon Jawbreaker,10 oz,1.55,non-essential,0.0,3.333333333333336
2025,FEMALE ONLY,Personal care,Always Pantiliners,20 ct,1.35,essential,0.0,0.0
2025,HYGIENE,Personal care,Cotton Swabs,100 ct,0.55,essential,0.0,0.0
2025,HYGIENE,Personal care,Antibacterial Soap,1.25 oz,0.15,essential,0.0,0.0
2025,HYGIENE,Personal care,Ad Seg Shampoo,4 oz,0.55,essential,0.0,0.0
2025,CORRESPONDENCE,Recreation,Pencil-Lead,,0.15,essential,0.0,0.0
2025,CORRESPONDENCE,Recreation,"Pen-Black ""Property""",,0.3,essential,0.0,0.0
2025,"OTC MEDICATIONS, VITAMINS, ETC",Medicinal drugs,Vitamin-Garlic/Oil,100 tabs,2.85,essential,0.0,0.0
2025,ELECTRICAL,Recreation,"Adaptor-1/8""-1/4"" headphone",,1.5,non-essential,0.0,0.0
2025,FEMALE ONLY,Personal care,Hijab-Females Only,,17.0,non-essential,0.0,0.0
2025,ELECTRICAL,Recreation,Swintec Printwheel-Pica,,40.0,non-essential,0.0,0.0
2025,ELECTRICAL,Recreation,Radio/Clock-Clear Tech,,20.0,non-essential,0.0,0.0
2025,ELECTRICAL,Recreation,Lift Off Correction Ribbon,,2.0,non-essential,0.0,0.0
2025,JEWELRY / RELIGIOUS,Other goods,Hat-White Knitted,,8.0,non-essential,0.0,0.0
2025,FEMALE ONLY,Personal care,Tweezer-Blunt,,0.75,non-essential,0.0,0.0
2025,HYGIENE,Personal care,Efferdent,102 tablets,7.75,essential,0.0,-3.125
2025,ART SUPPLIES,Recreation,Mini Colored Pencils,24 pk,2.4,non-essential,-42.16867469879519,-4.000000000000004
2025,INSTANT DRINK MIX,Food at home,Sugar Free Hot Chocolate,,1.95,essential,0.0,-7.1428571428571495
2025,FEMALE ONLY,Personal care,Hygiene Pack,7 piece,22.0,essential,10.0,-8.333333333333332
2025,HYGIENE,Personal care,Nail Clippers,,0.25,essential,0.0,-16.666666666666664
2025,MALE ONLY,Personal care,Mennen Deodorant,3 oz,1.9,essential,35.714285714285715,-24.000000000000004
2025,MALE ONLY,Personal care,Hygiene Pack,3 piece,9.5,essential,0.0,-26.923076923076923
2025,FEMALE ONLY,Personal care,Sports Bra,,4.375,essential,0.0,-27.08333333333333
2025,MALE ONLY,Personal care,Hygiene Pack,3 piece,9.25,essential,-2.631578947368421,-28.846153846153843
2025,JEWELRY / RELIGIOUS,Other goods,Hat-White Solid,,0.75,non-essential,0.0,-40.0
2025,JEWELRY / RELIGIOUS,Other goods,Wood Rune Set,,5.25,non-essential,0.0,-47.5
